15.330348,-11.244582,3.7111814
-10.126213,0.11833279,-7.6888127
-0.8342416,7.7418094,-9.548074
8.340707,8.539472,3.4654999
-16.054707,-6.2648015,-0.07125126
6.50267,3.4368854,10.5690775
1.1346369,-4.576165,-12.198717
-12.998247,7.990694,3.756823
1.1036326,4.767623,-3.2653384
2.5264091,2.0521302,6.767203
12.459394,-9.636494,2.5903938
-11.403869,-1.0188739,-3.5634415
9.683034,10.5485935,-9.276551
4.3948374,11.977239,5.1574397
-16.373156,-4.042038,2.2931867
-4.5228314,-13.497924,4.1625977
4.8957996,-4.9691033,-13.88154
-9.977082,8.527645,9.81927
-3.833909,8.010781,-3.043072
9.088318,3.0516403,10.121963
12.916362,-15.126214,0.25870147
-10.292688,-2.7330818,-4.164043
7.189672,11.324923,-9.463445
1.8503913,13.270163,6.257836
-15.727266,-4.570524,-0.40651244
-4.152831,-12.532654,0.26885
0.42960805,-4.7472296,-12.385845
-12.863501,6.312932,10.107708
-1.3915023,6.5890617,-4.488028
8.458607,3.1892512,10.221288
12.875592,-13.097901,5.0632105
9.303904,2.774925,10.072836
-2.0960636,-11.405326,6.1046166
-4.772625,-9.370225,3.004998
4.4032874,-4.101407,-12.695081
-4.7017574,-9.360471,2.890014
12.030507,-15.266201,1.8230002
9.827991,0.54469895,4.519803
-5.7835226,7.4727573,-2.8709922
7.3553667,-0.3607039,11.766381
-1.8499792,7.1919827,-4.1609044
-17.013895,-3.659675,2.8267162
-10.139912,-1.0745822,-4.7814274
-12.232862,7.248535,10.120326
-12.609111,8.746992,3.8898075
6.0013757,14.16407,5.4752545
-5.2012734,-9.685288,2.034972
-9.931877,-2.1288867,-5.7129064
14.379898,-9.848206,0.15664813
16.172697,-12.251412,-1.2901373
-0.17534012,8.750857,-9.469769
-1.0889416,8.195024,-10.196536
-12.289167,6.7048855,8.943584
-2.7962627,5.2927346,-5.354067
-1.1871853,8.1817255,-10.344908
12.555222,-15.664912,-0.43250394
-9.589179,-2.2708926,-5.05532
-0.91041404,7.7935658,-9.669886
0.80411506,-5.647399,-12.51284
3.7778397,12.694447,3.4691885
5.595702,14.076705,5.3483586
-10.425748,8.496452,9.841902
4.7755766,14.0780525,5.639869
3.5189483,14.069684,4.0517073
-17.412598,-5.1017923,1.1027502
3.6651223,-6.8793473,-13.440839
1.0776052,-5.197986,-12.725307
-0.40996578,-8.714067,-14.755314
-16.079668,-3.5696092,6.4185243
-7.311151,7.611682,0.7084359
-10.042938,-2.451082,-6.396349
-2.3013089,-12.308601,6.7696667
13.808798,-15.668598,-0.7748553
7.4249067,3.169945,10.444684
-1.5201946,-9.823315,1.787042
-1.3716657,8.028626,-10.409847
-4.6350493,4.663773,-3.1454835
-1.6117727,8.006703,-10.678507
18.288097,-12.756842,-0.57963574
16.579678,-13.335979,0.80031794
-9.15669,-2.199968,-5.1434216
-11.953879,8.66521,6.3627496
0.98691726,-4.764997,-12.555939
3.1614604,14.664969,5.547202
6.380018,12.880268,-13.550587
-10.0902195,-0.6834935,-6.019472
-11.584607,6.0621133,11.117691
-15.553541,-0.087732755,3.2714555
2.6005597,-4.724585,-12.183501
4.1991577,13.950869,5.677053
-10.132624,-0.92076635,-4.8044233
2.641621,13.960804,4.1025286
6.2337384,0.7071202,13.049429
-10.1285715,-0.027747443,-7.5656586
-8.277532,9.121395,8.694037
0.2488286,-3.4168942,-11.563085
-5.075101,7.0581155,-3.649659
-16.204134,-4.635666,0.20713809
2.978951,14.520253,4.4291034
-6.530587,1.3787706,-11.004927
-16.19448,-4.9758377,0.062172983
14.261933,-14.570037,-2.0183375
-1.9457774,-11.091294,2.4116197
-2.099861,11.38253,1.5652828
-0.43139142,-5.192828,-10.434621
8.893453,1.7437433,10.607585
1.6380045,-3.084948,-12.213128
-9.962648,-0.8525814,-3.285313
-11.427258,7.7963467,10.114351
-3.7219057,-12.036676,1.791928
-17.029884,-2.7403042,6.9471874
-16.549816,-3.3344326,6.1054997
-11.005968,9.017363,7.5886164
5.707477,10.916721,-8.449926
-3.086946,4.256866,-4.088567
-0.4952942,8.595739,-9.750679
-0.039313346,8.900869,-9.424027
-6.068552,-12.539592,2.8041642
-10.741842,7.858494,7.8726482
9.500209,1.3637681,9.526608
-4.267362,-9.069184,2.5564537
-15.658457,-0.19460784,3.3856907
-2.615058,8.688147,-4.211953
-0.0047011687,5.757499,-5.723156
-17.172348,-3.6927922,3.208948
3.238708,3.3171077,11.124841
13.483783,-15.393694,-0.87213916
-6.0803614,7.4540477,-2.8980694
3.8898497,-0.1402576,12.9834585
-7.956844,0.43622184,-9.33994
14.814626,-11.787813,1.1872623
-8.476866,-2.637448,-1.9534891
4.9558163,12.553723,-12.456257
2.0775006,14.907187,5.2711
-16.015955,0.44248596,-1.26064
-6.1446037,-12.692601,1.607759
0.9281284,-9.797876,-11.603281
-9.05712,10.63446,8.058707
-0.6944414,5.740096,-3.3516328
7.714826,1.5818268,10.072362
14.332255,-15.576339,1.6470568
-9.911017,-1.2172749,-2.8377883
3.604127,13.085815,-11.803661
4.569765,14.021206,6.142557
-16.628967,0.26487145,-1.9837674
-5.5344696,-11.822346,3.8687093
5.5450606,-6.3838663,-11.268166
-9.107749,11.038147,8.09059
-1.2512033,3.4104316,-3.6338363
6.093567,2.5001967,10.991985
14.741225,-13.880625,-1.5830914
-9.312662,-1.3519826,-2.1177852
5.865151,13.293634,-6.7239485
2.2178197,13.940867,5.7274733
-16.87476,-1.1179028,-1.4842889
-6.8311133,-14.798353,-0.38510457
2.4767928,-5.2074766,-12.239628
-10.6377535,12.371321,6.240915
-1.4623996,5.30023,-6.765313
7.096564,1.9043682,10.402742
12.109823,-14.606397,2.2590806
7.6701393,2.1866589,11.059735
-5.4708557,-12.081025,2.795449
-6.757813,-14.2686205,0.3798663
-0.29482582,-9.546665,-13.681361
-6.8654766,-13.324591,1.046919
13.720081,-13.979514,2.352317
8.593941,1.5974844,7.925958
-0.84198743,5.7621064,-3.4510353
8.122534,1.4431105,9.992416
-0.21761028,9.597425,-2.2462366
-17.514544,-0.21282127,-2.8556566
-10.179251,-2.7165654,-2.6314754
-12.134248,5.885863,8.083189
-9.160223,6.125833,8.974588
3.074071,12.557839,4.345381
-5.02153,-12.077928,2.1490633
-9.356921,-1.8717979,-2.0418928
17.154676,-13.410633,1.8586123
12.383898,-15.330471,-1.1127222
4.342755,11.20046,-10.483942
3.8910737,12.8757,-11.435655
-9.888265,10.362155,7.1369877
0.26252535,5.253093,-4.487797
5.4328094,11.833022,-14.550469
13.446616,-15.48968,-0.93005294
-10.069513,-3.0639246,-3.3387163
5.7522593,10.239097,-11.938431
-0.018184895,-7.887678,-13.157042
4.5047307,13.95646,6.50925
4.286718,15.386808,5.2160487
-9.678794,13.63916,5.8094316
2.4219513,13.861126,6.9276166
4.5215883,14.867666,4.895585
-18.320898,-1.9624084,-1.9048167
2.8221788,-5.3559823,-11.470374
0.018663224,-7.7604156,-13.325718
0.17838868,-9.252666,-12.919156
-18.271202,-1.1659716,-3.434011
5.78677,2.529556,9.861647
-10.491999,-0.29282558,-3.6265938
-5.3818755,-12.474349,1.7048391
14.894647,-14.223607,0.24475965
3.732363,2.1618907,9.593113
-7.185664,-14.692579,-0.12012732
5.646197,13.053038,-6.5102973
-0.2293933,9.355058,-2.1770053
4.491462,11.81676,-10.940902
11.880264,-15.744957,0.07102994
14.33654,-14.930425,-1.6763543
-9.977212,-2.4447389,-2.7569783
-9.513467,10.009532,2.2938015
-0.52606446,-8.46127,-14.405207
3.206192,14.710049,5.4822493
4.71351,12.355117,-11.9741535
-10.576488,0.4875671,-3.3594604
-9.498429,13.156221,6.1227603
3.306989,15.108941,5.5109477
-9.374652,-1.2731686,-2.0770552
3.8455737,14.605986,4.7499413
3.3633466,1.6430368,9.147633
-11.504261,-2.697973,-3.6005855
-11.276594,6.6861286,6.983347
3.899548,-4.6535163,-13.353207
1.1664973,4.3615084,-5.90584
-17.082596,-0.1227642,-2.3362489
2.3394067,14.274134,6.389585
-11.416046,-0.99617445,-3.5508528
-16.969347,-0.43280756,-2.2027001
16.285862,-13.663366,1.3692799
-7.0815425,-12.744015,0.94144166
1.3037909,13.138298,6.520788
3.8724592,-8.220606,-9.61912
6.8766475,2.4933288,10.834779
3.718081,-11.645864,-11.74577
-11.521249,-2.5584583,-3.21593
-11.052051,11.625898,5.9633937
-6.307039,-12.725667,0.4144247
-18.303661,-1.2227573,-3.3371375
-16.728123,-1.2391353,-2.2807567
-9.595092,12.860876,6.4903054
5.3248734,11.734338,-14.879475
-1.5854429,5.1786613,-5.974182
4.9297447,11.747766,-14.771465
4.2983384,10.945313,-10.469612
-7.158582,-13.094001,0.5084248
-6.227756,-11.959701,0.933606
-16.288336,-1.8741921,-2.3649282
-0.61207,4.8402367,-5.181151
0.12005149,5.3965526,-5.314974
-16.659008,0.14363301,-1.9515643
2.9782417,1.3025004,6.5172048
14.125615,-14.153323,-0.31399766
1.1458069,4.5251136,-6.1084013
3.8710616,2.0209384,7.66691
-2.7347193,4.3160543,-3.989944
12.203647,-10.810893,3.2347507
-6.9916687,2.6127334,-8.074083
6.488099,14.658596,-10.787889
8.107836,8.128409,3.541835
-16.605019,-2.9826114,5.7976475
-0.2915697,-8.475408,7.5784645
2.3335164,-11.061214,-12.5387535
-12.40834,5.6367326,6.6963563
1.9001257,2.1258337,-0.08379751
-5.76353,2.299606,4.9413586
15.783675,-14.359508,3.0399997
-8.887253,1.7960917,-5.434507
6.4510927,14.091319,-10.965419
4.7641835,8.130469,5.338572
-17.051128,-2.2240117,4.043194
-6.753578,-12.146165,3.8750722
2.3690014,-9.640576,-12.903562
-10.518954,9.660063,5.8813667
-3.7267528,5.547888,-0.8962196
-6.868322,2.9331915,4.4607735
13.572691,-10.496919,2.5265007
-7.662709,2.1636152,-5.9699545
5.1111093,14.926136,-11.13217
7.7178154,11.552741,6.5360637
-18.343615,-2.1225777,5.767408
-0.7370134,-9.79219,5.889208
-0.40737376,-9.650307,-14.137265
-8.300972,5.934848,11.547997
-3.83111,5.0731535,-0.72230554
6.230164,-1.3836457,11.237519
12.301324,-10.181101,3.8553922
9.206083,1.1827133,8.364042
-0.8645023,-9.537724,7.1862254
1.3803916,-8.060171,3.6597848
3.2347286,-8.315673,-13.203772
3.1748059,-6.1483226,5.1906304
12.61723,-10.546726,5.3585906
2.333921,-0.30716956,9.212594
1.0987381,2.3201654,-3.6246598
6.822243,-1.4354364,6.609716
0.83506554,2.2850943,-2.989247
-18.628065,-4.9118958,3.8044574
-4.7731495,1.5460473,-10.257423
-9.560292,10.044421,5.575135
-8.794832,5.4218354,9.582369
4.6279063,8.589568,5.879354
-1.1454693,-9.813309,7.53646
-4.684056,4.4240713,-9.500027
14.5224285,-9.746868,0.22914845
14.561967,-9.867515,1.4661936
4.7931356,14.612995,-13.012772
4.406418,13.438616,-10.871632
-11.005792,5.116304,8.897075
1.3897526,1.1587396,1.3100622
6.3088007,14.117524,-10.301487
14.192454,-10.074313,1.8639916
-10.606977,0.30642945,-3.4175415
6.221229,14.225106,-11.840659
1.6319573,-12.271888,-10.684434
5.9566493,8.287542,3.1534393
4.111435,9.574413,6.303412
-9.006161,5.096834,11.258423
5.808662,8.761885,4.8413963
5.7038865,8.810867,4.7748923
-18.329386,-2.937056,4.819172
2.2266047,-9.742262,-15.449392
2.3625906,-9.703017,-15.332088
4.4649744,-8.175949,-14.998498
-19.300234,-2.440745,5.699407
-6.6790476,1.9987148,4.8033814
-6.7742066,2.198935,-9.407432
-3.0160508,-14.83517,4.1028924
13.625925,-11.522317,2.208397
-6.811255,2.8389747,4.5147915
-0.7718757,-9.910779,7.150971
5.7177,14.016966,-10.196859
1.4616181,2.1122181,-0.9959441
4.498904,14.890091,-12.130242
13.0241785,-9.482071,2.2145345
13.635658,-11.480077,3.0157597
-8.368244,2.2566261,-5.9983597
-8.565524,8.478354,9.600249
3.57629,-5.4487796,-14.044691
4.828128,8.467736,5.506663
4.386241,14.318828,-10.900439
-8.654637,2.0370443,-5.6300893
-8.759198,9.065192,9.319222
-17.266834,-2.1629684,3.9997349
1.7159787,-11.723325,-12.254323
4.773353,10.928219,5.305468
-7.2944613,3.5275984,-8.180226
6.344269,8.7199745,2.773135
-6.2335157,2.3936386,4.8251667
-7.304133,3.1407063,-11.37849
-8.930486,11.521623,6.7126927
3.4375036,-8.530277,-13.090449
-1.4598615,5.2309446,-2.232306
-19.593992,-5.3153033,3.1872723
6.1374073,8.809086,2.3795779
-8.777607,4.6062646,-9.729832
-15.929696,-1.190986,5.3985696
14.929806,-10.915322,-1.0497959
1.7627059,-8.920764,6.3777676
7.971816,11.170741,6.5272226
1.8129544,-9.846385,-13.17102
-6.799709,2.4399536,4.6262774
2.1568763,-9.581597,-16.055382
-4.7422853,0.08042424,-9.469763
-10.133531,12.603442,7.3417544
-1.7055682,-10.759876,4.931803
-20.727373,-6.3143473,1.7775304
-17.565165,-4.2783337,4.628096
-8.78615,9.014668,9.208497
5.8298297,15.1939745,-10.692951
0.7705999,2.7680492,-1.9634628
4.358595,15.011968,-12.171975
6.7413754,13.665058,-12.148063
1.8816556,-7.894028,4.7924895
-9.934039,6.588802,10.023821
-8.408454,-1.719804,2.6501758
-7.4391456,-13.592205,2.4970224
-18.830122,-2.7844348,5.1499596
3.240473,4.4677463,0.19304955
0.81094396,1.8272395,-2.7717822
-16.908667,-3.7656708,3.141503
-8.888971,-1.8392463,2.0947556
15.65815,-11.213901,-0.16090024
-3.7442825,5.1747727,-1.0829071
-6.2562847,2.1631396,4.942304
4.218892,11.568031,4.2279544
16.962189,-14.968925,0.83867955
-8.348342,-4.1103535,-3.1590254
8.954078,10.996088,-9.594161
3.6304052,10.190719,5.735312
-18.718332,-1.8619174,-2.5682082
-3.1761148,-9.323837,6.8366933
3.594306,-7.6034365,-8.676608
-6.2496796,2.1010625,8.362237
-0.33821377,2.5244653,1.7635314
5.545041,0.5406307,12.824401
15.840462,-13.984509,1.4329523
-10.7009325,-4.0645714,-6.0851893
11.124939,11.406665,-9.175013
8.788303,6.2467127,4.488266
-19.898453,-1.0085384,0.35664883
-3.769296,-9.120513,4.7884707
4.230266,-7.2431917,-7.90123
-6.352449,1.7347592,8.427891
-2.0228822,6.3956614,-2.5712576
7.9710374,1.1977489,7.008204
14.768692,-14.040695,0.036222488
-10.983918,-3.5357027,-4.017254
9.11883,10.319088,-11.373846
11.104034,8.811118,6.933096
-17.877916,-1.8002802,-1.296991
-3.6189566,-9.11152,5.0167637
4.9951696,-6.3425384,-8.968894
-6.530632,1.4448723,8.60174
-0.18515207,-0.40652904,0.7058049
7.9957986,1.2256725,7.0291724
13.735236,-15.550684,2.3100204
4.1276593,1.3226132,5.752256
-3.156309,-9.112846,7.287383
-2.857628,-9.061662,4.5981536
5.031902,-7.0659823,-7.8182764
-3.4180148,-8.660081,8.153862
16.28488,-15.307774,1.6780429
4.331476,1.2933323,5.688096
-0.42249364,1.960805,-0.22739722
5.818019,-0.05301343,8.100193
0.08767144,3.1884542,0.40536717
-16.660185,-1.8603883,-0.018501345
-9.811017,-3.3000388,-4.1403847
-6.5287247,0.063095644,8.614463
-5.62541,3.4527466,8.397702
8.00013,6.6874886,5.242678
-3.751692,-8.702672,5.5376406
-10.664612,-3.9576812,-6.0640364
16.184498,-12.954248,0.68945485
15.073103,-13.151273,-0.44458428
11.078318,11.203906,-9.408055
9.533479,12.39597,-10.297499
-6.296826,1.9271245,8.363047
0.6092988,1.0991385,2.4818773
10.192861,12.576345,-9.905407
17.138855,-10.057512,2.5173447
9.280637,4.8655257,-13.364222
11.365319,11.892538,-8.923823
1.1873989,-11.563984,-9.662327
7.648823,6.4941535,5.692805
7.942783,5.990104,4.088278
-6.885194,0.9263135,8.877552
7.8709536,6.455444,5.3819194
8.442672,6.0718246,3.7594059
-18.97996,-1.5599029,-0.3960226
5.06154,-6.292037,-9.227185
3.9708946,-7.325334,-8.311994
5.1995034,-6.1209598,-9.118864
-17.744293,-2.2176185,-1.5400258
5.35325,-0.266726,8.400005
-10.051608,-3.1170206,-4.203716
-0.16858216,-11.663766,7.7549515
13.664118,-14.502689,2.7397869
4.443948,1.2513655,5.7246337
-2.8188434,-9.148463,4.606088
10.132343,10.58652,-10.114139
-0.42640686,3.655639,0.885986
7.500257,11.436364,-11.201763
16.460924,-10.999932,3.253589
16.555601,-13.881162,-0.8231798
-10.759256,-3.2430453,-6.2650814
-6.5317516,0.054679185,8.619754
1.9983833,-6.1560965,-10.771264
8.318946,6.3327723,4.0650654
7.5231667,10.406407,-12.844918
-11.3970785,-2.6830826,-6.209431
-5.815678,3.016333,8.394644
-15.72525,-4.0188866,-0.7985739
6.262546,-6.2406507,-9.835503
8.611984,6.4011188,3.5634515
-10.097969,-1.9062157,-4.719149
8.524598,6.830564,2.362843
5.3842525,1.0800637,7.365605
-10.832044,-3.8657856,-4.8327804
-5.9556184,1.7772855,6.0482564
6.2277594,-6.83466,-8.603941
2.9864442,2.329373,-1.683695
-19.223856,-1.6099164,-0.5028282
8.553962,7.194131,2.878248
-10.693268,-3.9570124,-5.4145355
-17.77409,-1.6598206,-0.62846667
15.920447,-15.45092,0.02398626
-2.9817026,-10.424573,6.2469416
9.147189,5.5464916,4.0920362
4.4994574,-6.638857,-9.6873455
4.4618273,1.2835803,5.5906124
-0.9871058,-5.0129576,-9.453919
-10.240768,-3.6852367,-4.0065236
-6.762861,1.2651124,8.806076
-3.123106,-9.265602,4.5415907
-15.871081,-3.3814347,-0.8465701
-17.209581,-2.7464576,-1.2957124
-6.3409038,1.4823965,8.317237
7.1740904,11.49867,-11.649484
1.631924,0.8239258,-0.9201957
8.360299,10.5914135,-11.970177
-0.3818519,8.194056,-8.993476
-4.1309457,-13.074096,2.097974
-5.8775086,2.8446882,8.376465
5.6080203,0.7224957,7.411455
-3.4058397,-8.167097,4.9081607
-16.026182,-3.701168,-0.6222075
-1.4846866,5.8554797,-2.4835215
-1.9002886,5.0254054,-3.109418
-18.670612,-1.724395,-2.7884088
3.5989933,-1.4862385,13.186444
15.21565,-9.27674,2.2298787
0.18470408,1.8170258,-0.90313447
5.4155273,0.5924243,7.5177097
-0.08749445,2.7409215,0.41158372
15.513125,-8.204462,3.6744988
9.672963,3.1955426,-12.912786
9.864959,12.01604,-5.7671576
7.1620646,1.9346467,1.3809938
-19.817568,0.49289313,3.81571
1.342581,-11.670111,7.41202
1.9395063,-6.9918747,-10.238738
-9.496946,9.932218,1.9191606
1.4812229,2.3396804,-6.6589036
4.8109016,-1.216797,4.658545
15.148107,-8.270666,1.2242632
8.858006,4.5970945,-13.317108
10.187106,9.097759,-7.123189
7.11352,2.8718712,0.4497943
-18.755024,0.75306207,4.8495255
2.6799521,-9.677318,7.554571
0.938783,-9.721877,-9.414823
-11.67333,8.198091,4.588903
2.1193285,3.0112476,-5.356501
4.876241,-1.3919009,5.489261
15.974283,-8.351222,4.6127872
8.325591,3.7909484,-13.4432745
10.2880945,9.312041,-7.0497565
7.114845,2.626215,-0.49753952
-21.358347,-1.5137292,1.885917
1.1221836,-9.775267,7.823545
2.009385,-8.317785,-10.921611
-11.432462,5.1703596,8.734898
2.5103974,3.170224,-4.8595495
6.6122413,-1.3307343,4.2653193
15.480424,-8.055482,3.985433
-2.1603718,5.5590506,-1.2457802
-1.4738942,-11.16283,7.112822
2.172726,-8.986685,7.8976865
0.58811265,-7.233859,-9.895773
1.7603161,-9.558745,8.096844
18.414268,-10.316109,1.448997
3.2648132,-0.13365826,12.633382
1.5577769,2.215831,-6.0061216
5.4030647,-1.2679822,3.9186382
2.8191185,3.14156,-5.4872355
-20.440212,-1.038704,3.8534
8.412226,3.9949188,-14.018101
-10.906527,8.073034,8.435226
-11.422239,7.368914,5.362836
7.4609632,2.537367,1.2990006
1.3150783,-9.790857,7.441964
8.121687,2.6508367,-13.64736
16.299503,-7.44278,2.0723202
19.027832,-13.016135,1.5858732
8.41247,9.360481,-7.472811
8.61047,9.073783,-7.603845
-11.456908,9.697211,2.9638906
3.6692963,3.2198095,-5.279437
8.372296,10.856057,-7.407537
13.40032,-8.708424,3.2541535
8.166614,4.1954136,-14.073837
8.603118,9.087363,-7.6309195
-0.15063448,-6.2829065,-9.378688
7.9595966,1.8335948,1.4717349
3.565416,12.650103,9.079359
-11.933592,4.6470413,8.287745
6.574599,1.5895399,0.3616368
7.345569,2.222999,0.9410897
-19.716383,-1.8215733,4.013452
0.2569186,-8.258524,-9.100503
1.5228714,-6.9496474,-10.139169
0.628127,-9.501187,-9.055439
-18.895485,0.7076707,4.4409094
3.600397,-2.2931023,11.619933
8.554698,2.7317002,-13.860495
0.5601952,-9.906673,6.9648523
11.336392,-11.057891,-0.3687829
4.1783533,-2.2712102,8.2584915
3.022092,-10.005036,7.647733
10.092781,10.971235,-6.9093194
3.3408558,3.2548146,-5.82243
7.0432205,14.739688,-10.929128
17.067509,-8.525979,3.132602
15.425808,-7.6144023,4.2014756
7.8844476,3.2020254,-13.556605
-11.061278,9.153647,4.657394
0.28655732,-8.283233,-9.074635
8.051491,1.8092906,1.3192987
6.916198,13.15199,-14.218534
8.692878,2.8125048,-13.696691
-11.966246,8.143197,5.424551
-20.106941,0.838414,3.8261204
-0.28450188,-5.996363,-9.557407
6.4937725,2.408102,0.28466898
7.5165153,3.2401283,-13.544326
6.975589,2.4116282,0.025619853
5.387183,-1.3101383,3.933614
9.334556,2.8950949,-12.989428
-9.869154,9.950365,6.5574956
1.9902892,-6.984441,-10.141901
2.7118511,3.112651,-5.645118
-20.477154,-0.5360265,3.5763056
7.491624,2.844667,0.9987681
-2.958282,2.492987,-8.971241
-20.713343,-0.10437499,4.0045214
15.781385,-8.169149,5.1962786
1.8882031,-8.676429,8.188899
7.3500056,2.829303,0.8654831
1.5855381,-6.833557,-10.748351
5.413648,-1.3034511,3.930483
0.6811976,-6.725555,-9.380472
10.322762,2.5267093,-12.472016
-10.678971,8.563056,6.0164394
0.6563455,-9.925948,6.4311724
-22.341518,-1.1323553,2.7057757
-19.96959,-2.2417312,4.228984
-9.962147,11.577947,3.7857351
9.251977,8.98161,-7.532998
1.3156625,1.7410877,-5.3412895
7.0885615,13.889196,-9.696687
8.484276,9.0682955,-7.657948
1.35573,-12.0091,7.5978055
-11.563949,7.549514,5.0774546
6.986326,-0.55811113,8.644901
2.512757,-9.746677,7.4871697
-19.984596,1.1450506,3.9077363
1.7587017,2.3242435,-6.6091366
3.0960777,3.0412378,-6.028177
-20.091333,0.4426018,4.369932
3.5797012,-1.667865,11.103207
15.741078,-8.430197,3.322069
3.097371,3.139046,-5.8036175
6.967525,1.5975734,7.1435404
1.7430885,2.2473056,-6.0540953
11.986242,-12.855279,2.8241067
-5.9236937,2.114898,-7.505899
2.524182,12.59838,-9.908907
4.0887337,8.341826,6.5057306
-16.995934,-0.97715867,-0.9618921
2.116415,-11.84358,3.4888983
1.4488616,-8.949798,-15.1707
-11.280249,8.759868,6.127609
1.7418996,3.3049207,-1.5968491
-8.691041,-2.3360016,1.836067
14.62175,-10.865152,6.5457535
-4.279836,1.4766043,-9.794494
3.2383523,11.801395,-9.279281
4.1291714,8.25708,7.836274
-17.367237,-0.80421257,-1.1912109
-3.6908152,-12.869913,0.20277604
1.4424012,-9.296037,-14.6879425
-12.103751,4.6930013,8.348893
-1.0025755,4.4165807,-1.1032972
-9.709968,-1.6131634,1.4207485
11.932204,-13.152057,2.414464
-4.483335,1.0696616,-9.794992
3.1968186,14.018573,-8.868842
3.9176655,8.06471,5.2784615
-15.253289,-3.390245,-1.5009551
-3.9617164,-13.063868,0.27822793
1.3650007,-9.537034,-14.285515
-11.540537,3.5179694,11.39314
1.947246,3.1545262,-1.7691351
-8.695708,-1.427836,1.4823279
13.481723,-11.402795,2.8939633
-9.948349,-1.4913934,1.2360039
1.9461347,-11.971717,2.158667
-3.057907,-14.967164,1.7188293
-0.113895595,-9.567457,-13.029231
-4.561958,-12.849124,-0.20298624
15.654441,-13.856009,1.1683514
-9.351006,-3.1325912,0.038943667
-1.0104158,3.4557912,-1.8087163
-9.413303,-1.6342087,1.3406084
-0.66022515,3.3861973,-1.6937696
-16.334759,-1.1080056,0.17827575
-5.2788606,2.2547112,-5.993398
-11.500018,3.8720891,11.505793
-11.427102,3.8260589,11.518456
2.881307,10.705828,8.011139
-4.237992,-13.173929,1.5715705
-5.2383385,2.2029736,-6.0925074
10.938721,-13.453437,0.820616
15.373417,-11.991904,5.328523
4.616264,12.631457,-6.675469
3.6527193,12.399896,-8.026695
-11.835644,5.5571375,9.379296
-1.8045046,4.0491304,-1.5175517
4.444955,12.241577,-6.166576
11.270844,-15.940368,-0.26011637
-7.2058544,5.3489246,-8.869975
4.5925865,12.320021,-6.1559277
-0.019668844,-8.997941,-15.0146055
4.3993382,9.472465,7.594687
4.0690517,8.694975,6.6958756
-11.382257,4.7092357,9.271883
4.6300707,9.645451,8.188184
4.8568306,9.517112,5.1047277
-16.056643,-1.0631937,0.7550679
1.5345894,-11.429064,-13.067764
4.9147243,-8.139952,-15.099681
0.22835548,-11.553826,-13.257038
-17.565748,-1.3843721,-1.1096073
-9.094304,-1.7516922,1.0637999
-5.43956,0.7211315,-7.6139507
1.0193974,-11.190954,2.066733
11.089502,-13.846439,0.91780967
-9.557252,-1.5412178,0.27166855
1.2105987,-11.395725,2.0268133
4.146325,12.656438,-7.2368937
1.6322647,0.77707046,0.06000972
3.6660361,11.311332,-9.644778
12.615333,-14.803454,2.7972753
13.675207,-11.763183,1.8221086
-7.2295237,5.481056,-8.680988
-11.906104,5.376181,9.991153
1.7571957,-9.6921215,-14.162809
3.9299312,8.838558,7.326534
3.5631573,14.250304,-13.402168
-5.139591,-0.1890827,-8.073088
-11.594307,3.7505302,11.368992
-17.672365,-1.144651,-0.61074024
1.9634416,-5.7796373,-14.977311
4.091726,9.197219,8.503891
-4.595744,-0.015717683,-8.602816
6.8759155,7.9700394,1.4432518
-8.992055,-1.7020909,0.32536352
-4.9059467,1.2111356,-7.7870393
-11.825353,5.2084727,10.139207
1.4142933,-11.384226,-12.551432
-2.0490146,3.1352625,-3.2610095
-20.507206,0.2718086,4.208382
6.8655567,7.944709,1.5339408
-5.5441084,0.63357127,-7.3497033
-16.426798,1.9585587,5.6602464
13.040495,-12.525851,0.121294096
1.4908285,-9.705027,3.2537315
4.1419873,8.285836,4.603923
2.3376617,-5.4794073,-14.508755
-10.083337,-1.6981047,1.6492984
2.4705288,-5.5127997,-14.6229
-5.9488344,1.6230174,-6.9717903
-12.024397,5.178208,10.206598
-4.623512,-13.32698,1.6751705
-22.45078,-1.0945442,2.6471236
-16.221106,1.4447341,5.7790346
-11.862593,5.113939,10.938003
3.3650162,12.941198,-9.161892
-3.991505,4.272637,-1.745983
3.565469,12.787598,-8.952552
2.6524858,13.130792,-9.43067
-4.7378983,-14.274699,0.6786163
-10.919954,7.9238987,5.718579
-9.398391,-1.9877732,1.7806835
-6.4313374,-14.998113,-0.74055
-22.509766,-2.0023851,2.7910647
1.0345733,1.6391306,-0.84019935
-5.493516,4.299939,-2.944753
-16.331507,1.6357447,5.7233677
-8.649884,-2.2919269,1.3670365
10.777106,-13.383875,0.84493715
1.9919792,3.2168705,-2.1132991
-9.44016,-2.9560153,1.435866
-2.4845526,4.048472,-1.8953166
18.45532,-10.015187,4.8697953
-8.728319,3.7126315,-10.042878
5.0964236,13.561181,-12.683125
6.013952,8.206282,1.6013952
-21.646421,-3.9445577,1.3369248
-5.9472394,-12.6772585,4.392471
6.51942,-9.208249,-9.02188
-8.694247,7.7849174,8.542275
3.961642,6.679206,-9.731449
7.770942,-0.22920565,9.008537
18.545729,-12.235267,3.0621004
-8.433246,5.5314674,-10.26753
6.6696205,13.564402,-12.620349
6.224607,9.56941,3.3864796
-19.399487,-3.3103154,0.95202774
-7.622791,-14.071497,1.9891684
6.6635113,-9.670324,-8.793238
-10.514486,9.965705,6.4445877
-10.853979,-2.4070146,-6.881063
2.5672548,0.4053453,12.13605
12.296063,-10.061534,4.298029
-7.4699087,4.800898,-9.021483
3.9269862,13.807109,-13.394854
7.1765947,10.584715,4.252967
-21.119217,-2.6907878,2.5022302
-7.0708,-14.022089,1.5764166
5.592538,-7.276088,-9.398456
-8.809375,9.9074,6.288211
-3.7600472,3.589027,-2.524578
7.2203064,1.9699012,7.1664343
14.335647,-9.596558,1.7708136
3.1519167,0.019197881,12.142132
-6.565913,-10.6098585,3.8860087
-5.3390613,-14.060374,1.2677722
4.6375313,-10.995158,-9.373947
-6.261523,-12.703306,4.3354278
14.168846,-9.578546,2.3759165
8.270228,1.3670695,1.9633826
2.1984553,2.089524,1.5760174
3.7577548,-0.9569314,11.639757
-0.6044908,-0.37541863,2.626185
-19.0071,-5.0728683,2.0744617
-3.3204875,2.866779,-7.8332663
-8.915847,11.880998,5.2554197
-8.897688,7.219999,8.100499
7.1981583,11.5526085,3.3644845
-5.633614,-12.647049,3.2493105
-5.002098,2.762213,-8.150426
10.970953,-10.923369,1.6408328
11.448433,-10.701896,2.2939184
4.4770756,12.299168,-11.034904
4.7509904,12.143072,-14.871259
-9.166458,12.997965,5.6721053
-0.7821319,-0.46527648,2.824812
3.73659,13.95841,-12.964418
12.253,-13.250515,4.0507793
8.326355,5.5519595,-14.228238
7.6538463,10.830415,-13.113258
3.3408332,-5.079503,-10.919663
6.88171,11.314799,2.5397356
6.78716,11.485052,2.4135644
-8.902474,9.436893,7.239728
2.202505,10.868312,5.585719
2.20256,11.11144,5.1125293
-19.011646,-2.1938677,1.6438065
3.9418297,-6.728331,-9.601956
4.687954,-11.034688,-9.285973
6.64286,-9.1968155,-8.978406
-20.755829,-2.7621274,1.4351599
7.455972,2.1841183,7.586529
-5.5945854,5.1606927,-7.6605177
-6.5047903,-10.655435,3.5583177
12.604964,-14.450942,0.9419865
4.404964,1.5147517,8.174472
-6.2400684,-11.155463,2.7995358
3.9291904,13.474959,-14.077187
-1.9288558,1.362569,-0.9533619
4.808014,12.546109,-14.609331
11.573524,-15.367514,0.87862563
16.575418,-11.527765,2.583266
-4.458098,0.94031274,-10.589631
-8.885242,9.724497,7.6611514
2.5746098,-9.369797,-9.660888
5.8913817,11.697189,4.9371595
6.15416,14.422379,-6.6555085
-6.7752066,2.45181,-7.828449
-11.662347,5.8588142,6.790862
-18.14998,-7.0512886,1.5180357
6.4020424,-7.910945,-9.4189005
7.103999,8.934138,2.9938297
-7.627984,1.9330494,-9.169912
7.1917186,9.813844,4.07097
3.435811,0.11691725,12.53732
-6.5947003,2.4941688,-10.213267
-9.014285,12.179723,5.7530236
4.3719883,-9.55739,-10.715488
3.9381313,6.780888,-9.689414
-21.748745,-3.330212,1.6224774
7.9048657,10.00148,2.8253126
-7.674837,3.5794795,-9.232668
-21.349268,-6.718555,0.99130654
15.11949,-11.322086,3.5081048
-5.591746,-11.2235155,4.0824037
5.217971,12.5026865,2.9557128
4.2803493,-3.747582,-12.465788
8.411588,1.4628007,7.839086
0.5839556,-10.313979,-13.634614
-6.3870635,5.146339,-7.635179
-10.01362,10.67047,8.120405
-6.2453523,-13.607188,1.3175515
-21.03148,-2.6520498,1.826132
-18.618599,-4.248263,0.8696031
-9.088647,9.629065,7.5220222
4.204344,13.092419,-14.349439
-2.0264835,-0.9197933,1.5062187
0.27292746,13.070521,6.9383264
3.2735436,13.6208,-9.824259
-4.8144326,-11.142186,4.8763323
-9.628217,9.482942,3.0494423
3.9102142,-1.0379007,13.041608
-7.042325,-13.80349,2.0213542
-21.552301,-3.9536643,1.4004029
-1.8557788,-0.77802634,1.6217211
2.2437005,6.914993,-3.904427
-20.527561,-6.6285176,1.1248598
3.8295314,-1.3717784,13.066887
12.313113,-9.481555,-0.05945925
-2.095659,-0.9990249,1.3375143
5.2529244,-0.43213868,12.81946
3.94496,6.5176477,-9.754059
8.386581,5.177075,-14.098571
6.4047527,12.980393,-10.445227
9.881532,10.267949,6.253806
-16.696943,-6.5592027,1.9039849
0.18197696,-9.845954,6.3281474
1.0474794,-11.983503,-15.306548
-6.080752,6.2051396,9.653885
0.645029,4.256975,-0.8168395
9.246906,-1.1150614,8.186734
18.55187,-9.622964,1.8681777
8.526286,5.39905,-14.117623
6.784178,11.004415,-14.542631
9.717749,9.284762,3.7713156
-16.692225,-6.8224635,1.693125
2.057189,-7.4535027,7.7523336
-0.08769371,-10.64635,-14.159886
-6.1858172,8.048548,10.097723
1.7255698,3.958486,0.012430461
7.4053783,-1.4658638,7.827406
18.162415,-9.887313,1.8982546
8.156504,5.3159127,-14.480089
7.820367,13.318067,-10.03153
9.986754,7.511584,4.075605
-14.466488,-5.442141,2.0916574
3.4414785,-6.4447336,7.6772113
1.8529028,-12.134561,-12.993157
-6.6855288,5.947188,9.5161915
1.7169174,4.514053,-0.4361201
8.503189,-1.5188307,7.99125
16.801386,-8.706464,1.4442215
5.878542,-2.0420754,11.212879
2.4330425,-6.519037,7.121034
0.66659284,-8.264149,7.19519
3.18814,-10.4961815,-13.443872
3.0292487,-6.508526,7.6083436
18.063745,-10.172942,3.1952987
7.8547835,-0.51245725,6.6268954
1.5423992,3.6630542,-0.84026146
8.137761,-0.99381703,9.439892
0.5545131,3.2401805,0.5669625
-14.807622,-4.371249,4.3826327
10.551678,2.8245091,-12.371193
-6.4165225,8.135054,9.319062
-7.8308663,5.4611673,10.325864
9.931554,8.0588,3.5126817
2.4955661,-5.5649085,8.118549
10.018267,4.2621927,-13.094999
8.58637,13.056097,-10.200002
-6.318749,7.9804187,9.81493
2.0497649,3.8103096,0.26021692
10.143472,12.289111,-7.5617876
16.863665,-10.902326,2.3837428
9.590931,4.550241,-13.407408
8.949342,11.508527,-8.745627
1.0328003,-11.999789,-15.3205805
8.690177,9.902679,4.3940535
9.757432,9.52412,3.8637712
-6.7680907,6.8028307,10.422973
10.609753,10.090314,6.785086
10.636937,8.078183,6.0318904
-13.925543,-5.0981407,2.512211
3.1697764,-9.974476,-12.939257
3.43443,-11.108448,-13.458232
1.9685779,-11.318096,-14.270609
-14.526714,-5.4900784,2.0386229
9.242347,-0.6028371,8.068154
10.313501,3.1475646,-12.578917
0.66251045,-7.9885335,7.33836
18.482683,-10.113947,2.9130394
9.150636,-1.2091212,8.112901
1.8631934,-7.1625566,7.199604
9.550074,12.615788,-7.54943
0.56720054,1.9907556,-1.0436492
9.761982,11.996234,-7.7353153
18.466768,-10.019662,4.8397646
18.438038,-11.08795,-0.075109705
9.928922,4.180467,-13.169129
-9.092157,7.8485847,8.217957
2.3708932,-11.507555,-13.581224
11.026988,10.037586,7.0479
7.8959165,12.1953125,-11.31971
8.452865,5.1007915,-14.140957
-20.845694,-8.579083,1.634726
3.7844877,-6.978815,-13.496503
9.676353,10.484795,6.3016667
9.617353,4.094693,-13.19353
11.022862,9.127752,6.904904
8.019484,-0.35804087,6.8055377
10.195361,3.4171283,-12.522107
-6.6868067,6.831906,10.361157
4.9789987,-9.780293,-13.12007
1.1412467,1.1239169,1.937191
-13.868234,-5.06606,2.5396733
8.449188,10.724386,3.7972324
10.37546,3.4369426,-12.46754
-15.517429,-7.067047,0.7842375
17.283936,-10.502987,3.3672934
-0.88882285,-9.791782,6.1926365
10.616531,8.132575,5.964211
1.978274,-11.150544,-12.48384
7.6692324,-2.1100056,8.245449
2.525117,-10.979309,-11.067817
9.335874,4.652419,-13.679061
-6.8375,5.9229975,10.085031
2.2732313,-6.3921666,7.647386
-16.1412,-6.335073,2.0973644
-14.136453,-3.995912,3.9755242
-6.8021417,8.170848,8.802579
8.532352,11.190707,-8.477682
2.1849682,4.549171,-0.52938056
10.248183,12.305618,-7.1670303
9.369229,11.434703,-11.859235
2.6233432,-6.42354,7.6595254
-6.606775,6.7664666,8.86175
6.131623,-2.452705,11.249699
0.8256424,-6.9968905,6.1809406
-13.402656,-2.9739385,4.4843273
-15.089002,-2.3218224,5.081456
7.544127,-1.3641411,4.3156147
19.225967,-9.866087,2.8964715
1.7731814,1.7578549,1.1127821
7.104693,-1.7054404,8.00376
1.514436,3.2560134,-1.194853
15.48569,-10.440567,3.934098
-3.7847311,3.9816244,-7.9693418
6.7714095,13.046327,-12.756303
8.076203,11.502951,7.1480236
-14.073891,-2.9598463,4.5866065
-3.3093872,-13.250855,3.7555878
0.8155543,-11.592271,-12.410693
-7.0333214,9.071446,7.2529774
-3.4884555,5.1851487,0.25902867
4.953814,4.7372427,7.5994005
15.633577,-12.686981,0.55592763
-4.5785537,3.9511054,-8.9010935
6.4437733,11.265656,-8.121867
8.335026,11.346539,7.5158544
-13.7364645,-3.254593,4.3506203
-3.446234,-12.368644,5.5514703
3.7466366,-11.378149,-10.595192
-6.97537,8.181614,8.822866
-2.2744756,8.655881,-2.2500834
9.421195,-1.6079212,4.200785
17.140284,-9.937186,-1.317789
-7.58608,3.357607,-10.519983
9.943492,11.279142,-6.971392
6.4902105,11.151343,7.472436
-14.709405,-3.5123346,4.5093856
0.042932924,-11.253043,6.9694614
3.6615481,-10.170181,-14.019355
-6.617699,8.914312,6.7164836
0.8336509,7.8902335,-1.7219317
8.874549,-2.3654058,4.854041
17.727285,-9.586501,0.87740433
1.5447685,0.57774013,8.570649
-2.3741603,-12.941188,3.743077
-3.3791368,-14.18924,4.691979
4.3837705,-4.9987135,-13.439658
-2.3874044,-13.095043,3.6770368
15.133928,-12.4604025,-1.0137185
9.19847,-1.4655153,4.4078293
1.6427739,7.0387883,-0.8221222
1.6385475,0.25809243,8.755647
-0.4061792,4.8953333,-4.307728
-13.638929,-3.9231834,3.783124
-5.00023,3.555838,-7.1874566
-5.720272,8.682364,7.583883
-7.258873,9.401479,8.683327
4.805554,11.159605,7.8671694
-1.6242267,-10.814072,5.28918
-6.888882,2.3743472,-10.357579
16.72448,-10.9270115,-2.4803822
16.830677,-10.852068,-2.4700708
-6.104692,9.003883,6.8530836
-2.4219217,8.79629,-2.3809657
8.720548,12.933891,-6.359217
18.668804,-13.167146,2.531716
-5.6310396,0.111606546,-8.475805
9.058417,12.250774,-7.187728
1.7371176,-5.5149612,-10.880933
6.305985,10.535097,8.43951
4.8731017,11.571925,7.5209203
-4.996257,9.7479925,7.07899
6.4035625,8.8928795,8.200714
6.136441,10.633704,8.2432995
-14.982564,-2.536601,5.1317296
1.4507669,-8.004577,-15.451637
5.40683,-7.476646,-13.871778
3.4947264,-7.9090514,-14.641407
-15.814761,-0.40930164,6.055296
9.455009,-1.701071,4.211184
-7.9534674,3.3877845,-10.633157
-0.31089085,-12.22376,4.4695387
16.986753,-9.267445,2.2150865
-3.4590251,6.960889,0.101132564
-3.048675,-14.968004,1.7260672
11.218829,11.875773,-8.959786
1.1630605,7.5344234,-1.1729722
9.122819,13.255241,-4.9545503
18.764143,-13.378379,2.5579557
19.178982,-12.827847,1.5777556
-5.994247,1.223183,-10.224817
-7.499762,10.049349,4.957707
1.6987497,-5.2683773,-14.148313
7.5678,11.680869,7.542325
8.922098,12.157751,-9.418922
-7.603055,4.097446,-10.54389
-4.858422,9.857487,7.0629015
-14.559881,-2.9905756,4.8800488
1.6559247,-8.140851,-15.497074
7.512227,11.902205,7.5256076
-5.366389,4.4273086,-6.998755
-10.4841,3.5072236,7.8878083
8.906646,-1.3857548,4.4274473
-6.982881,3.6643565,-8.683718
-6.6498013,8.901395,8.794778
5.248101,-8.9707365,-14.054954
0.9986806,7.5376105,-1.2049394
-15.150531,-1.5888829,5.1622405
7.4099503,11.790605,7.959497
-7.3597307,0.75661767,-9.578079
-16.57743,-3.711726,5.213166
16.07671,-10.013584,4.0046573
-1.9457815,-11.534085,2.362051
6.8518324,10.773978,8.958628
-0.041532394,-4.565977,-12.025912
4.671703,2.7061856,11.231702
4.4987164,-10.442065,-12.966489
-6.548525,1.839473,-10.303234
-12.734096,7.2022696,4.2637677
0.29029426,-12.066249,3.8588834
-16.835924,-5.5347757,3.8017232
-14.55674,-3.1209846,5.0640388
-7.529329,10.088954,5.393741
9.171347,11.582245,-11.635246
-3.1672091,6.59998,-0.24371347
6.530453,11.218537,-8.116399
9.959683,12.245199,-6.120706
-3.6326675,-13.43704,3.804197
-6.0688124,9.316567,7.017573
4.4523716,3.674839,9.757963
-0.1707614,-11.906516,3.1404202
-16.579887,-4.074445,4.5649624
2.0054817,7.472749,-0.5138636
-0.3225941,8.194139,-4.874852
-15.1432705,-1.3052009,5.0773587
9.657468,-1.560339,3.7120852
18.27862,-11.000822,1.1193706
0.09262963,8.603795,-1.8856759
3.5218463,3.3422499,11.163277
0.52504605,8.136333,-1.7644552
16.775738,-8.582335,1.3875828
-9.505229,-2.3412685,-6.540538
5.717043,13.434554,-12.857668
7.0643406,9.050672,7.639432
-17.40034,-3.6651702,4.0031095
0.82680833,-9.187462,2.7597606
2.3239856,-12.469956,-12.212016
-11.80979,9.410589,3.330427
1.9708622,4.773728,0.5933157
2.816207,0.75983226,6.3008847
15.00208,-11.046072,4.5790706
-9.723897,-2.4212081,-5.9747114
6.9358068,12.889668,-9.567496
4.421887,11.541051,6.787584
-17.690807,-6.868859,1.1978537
1.6304666,-9.663778,3.3573456
0.50093335,-6.884047,-10.860488
-10.887251,6.3950768,6.8995533
-5.2615895,6.148152,-3.2036242
9.786308,1.135363,9.514566
13.949048,-11.799767,3.7918906
-8.262535,-1.6225147,-9.235087
3.684982,14.263688,-8.642627
6.378387,12.6283655,8.416132
-19.251791,-1.3861146,3.3133926
-7.491679,-13.949706,1.1843007
4.541091,-7.8223414,-13.64388
-11.993981,4.4538593,8.508899
-4.4008827,6.469754,-3.3972254
2.783342,1.0621866,6.436282
14.526307,-10.2188425,6.2007074
4.3693647,-1.7380766,8.585994
-0.73286104,-10.88639,4.713368
-4.6758986,-10.976671,4.899503
3.6926541,-8.023808,-14.316193
-5.8276854,-12.866193,4.500457
12.14552,-12.146281,6.486441
3.3769422,-1.671983,9.35067
-4.065638,7.899093,-1.0395354
4.5634446,-2.0584383,8.293535
-4.7945733,8.224152,-3.4404392
-16.973658,-6.7820477,1.5415509
-5.97476,4.1174607,-8.362051
-11.684823,10.625172,3.43534
-12.452339,8.796739,3.900875
-1.2740066,12.301361,1.623133
1.0669091,-10.93211,2.122232
-9.1931715,-2.1054714,-7.9852924
12.483121,-12.877791,5.9139276
12.164686,-12.161143,6.4742417
6.583551,13.8997965,-7.906604
3.1253142,13.606659,-9.124718
-10.858179,8.940413,5.426024
-5.4608707,6.1136827,-0.3939234
4.4352636,14.342297,-12.406926
14.926142,-10.09361,5.9636292
-9.464244,3.0053427,-10.888212
5.8560257,14.170957,-9.485819
6.2284245,-6.8570657,-10.314368
6.0833697,12.727801,8.452906
3.661244,11.720287,4.1810923
-11.708395,8.885449,2.7923794
2.3041286,12.728315,5.878966
4.7027726,12.516498,7.4027805
-20.171238,-6.4197664,0.933432
5.420534,-7.8665576,-13.746852
2.9793837,-6.5679264,-11.508948
2.6627088,-6.5690155,-11.76495
-16.56864,-4.7406197,3.95979
5.86272,2.4665434,10.475731
-6.3116374,1.2236127,-9.87218
-4.358381,-13.556252,0.25740522
13.880578,-10.536337,6.29061
2.6115117,0.6721152,9.175145
0.15687038,-10.020517,3.180159
5.7302237,15.312085,-9.439825
-3.7453027,7.7270937,-1.1791195
6.2807846,14.441051,-6.871557
14.556204,-10.660837,6.4563694
14.764045,-10.125769,5.917755
-8.199771,3.6447418,-9.942108
-11.589298,10.432974,3.3421621
5.424591,-8.636826,-12.707113
2.2954707,13.052278,4.296168
4.8563976,15.677954,-10.21038
-8.984896,-1.9591807,-8.786885
-10.148139,11.245111,3.5910425
-17.521368,-5.1308155,2.0938559
5.8360047,-8.003156,-13.144024
3.6810257,12.928511,5.067718
-6.8904357,1.6236768,-9.636431
7.7377744,9.093612,7.221571
4.166721,-2.2183785,8.241073
-6.662929,1.4664296,-9.586161
-10.857041,9.958908,5.788561
5.8568196,-7.8012314,-13.348346
-3.2829053,8.109758,-2.3396578
-17.745522,-4.424653,2.3553982
6.0788493,11.732815,5.025238
-6.4380274,-0.33725616,-9.330421
-19.661999,-5.393723,3.0224884
11.077892,-11.015269,0.69773436
-8.037006,-13.840367,1.9687825
2.1187875,13.146616,4.298532
3.031602,-6.994377,-10.691303
3.1058104,0.6905899,9.669076
6.270344,-7.312019,-12.820991
-7.6688247,-1.686082,-10.006354
-11.754779,9.816044,2.5778074
-7.3357463,-12.878184,1.068412
-19.222212,-6.4047728,2.3804257
-17.216425,-5.2195807,4.2783566
-12.1337,5.2658644,8.007428
3.5138798,14.093276,-13.428938
3.7967374,7.631829,-9.532512
4.440687,15.410222,-11.580839
5.405922,15.379774,-9.381405
-6.236747,-15.066034,-0.9094879
-12.873733,5.7183537,6.025652
3.039399,0.90742904,9.250868
-5.07275,-12.195034,1.4287089
-18.036512,-5.2764673,0.9411856
-4.755288,6.892319,-3.8765619
-3.4334767,7.8256574,-3.95728
-17.277885,-2.4890466,6.9664955
6.076366,-0.7066168,11.665373
14.428532,-10.959345,6.867792
-2.9341786,7.092083,-4.4661493
2.1114786,-0.34936115,9.064097
-2.630506,7.6366553,-3.506383
17.142735,-9.797093,-1.368363
-7.4063935,-5.0108123,-3.8655462
8.261754,13.093881,-5.8573403
5.870209,11.24732,6.384245
-20.685862,-7.769176,1.1449624
1.2219235,-8.03373,5.177534
6.570247,-5.178829,-12.853886
-11.178749,11.212797,3.4304976
-3.2531974,4.358064,-3.5978036
7.08654,-2.4577966,7.6800227
12.168908,-11.047808,-0.4441837
-8.918451,-1.8907952,-8.506786
10.928798,12.612379,-6.1272597
4.79583,12.004085,7.6708546
-20.872458,-8.1307745,1.1976261
-0.064961284,-9.405588,4.833288
6.049558,-5.348859,-13.4026165
-8.932848,6.7706,7.149575
-4.650411,4.5997887,-3.32777
5.6493697,-2.314493,9.1064825
13.567377,-11.340638,-0.55412793
-8.925933,-1.3244423,-1.8527459
8.713439,12.836741,-5.5018363
10.178926,7.4590096,4.1170564
-20.975187,-8.187159,1.1020403
0.03602428,-10.661425,2.6340137
7.5534577,-7.058147,-12.959839
-8.651021,7.88226,5.866978
-3.7584643,6.12446,-3.1646476
4.6913633,-2.341009,8.986966
18.781288,-13.509001,0.665351
5.0392466,-1.3111577,10.100488
-0.8752526,-9.63093,3.3152764
-0.9456333,-10.117903,2.4396567
7.0454984,-6.92497,-12.838302
-2.5156803,-11.184736,5.9893494
11.146103,-14.452245,-0.75940233
5.6553025,0.6256082,9.541055
-2.5137455,6.5572405,-4.4083757
4.0253024,-2.1903293,7.4656425
-2.8930454,4.486092,-4.5882335
-20.341793,-7.5484815,1.2349834
-9.030679,2.6476753,-11.022982
-8.598104,6.363239,7.5770006
-9.442563,7.5558314,5.196284
6.8242927,9.813166,6.7824397
-0.8294054,-9.456127,3.2806315
-8.606267,3.758677,-10.918285
12.810178,-12.54824,0.53934807
12.815893,-12.892589,0.4615874
9.178938,13.356538,-4.763707
9.856113,13.356953,-4.462718
-8.6382065,8.098381,5.980409
-3.781315,4.910701,-3.5473597
11.02139,13.498233,-5.0338035
12.699392,-13.243629,4.5551834
-9.096733,-3.447164,-4.5754457
9.499484,13.035859,-4.8638635
5.3980455,-6.6958904,-10.199496
5.0964713,12.700058,3.0685413
4.3080835,9.706797,7.316439
-10.63332,9.265737,3.1554964
5.53871,9.416952,8.672795
6.087388,8.981151,8.281305
-20.193659,-7.852262,0.95985335
5.604299,-7.1655364,-9.870079
6.2478776,-7.133391,-9.972717
5.031965,-6.4976606,-10.604687
-20.111212,-6.323932,2.7444909
9.121566,1.2869189,8.17298
-8.213927,3.6789422,-9.403644
0.70503604,-9.694822,2.5381298
13.879666,-9.220536,3.7086837
4.7308164,-0.6492899,9.809302
0.3921151,-9.383949,-8.662407
10.243997,12.799134,-9.237751
-1.6587929,3.2442884,-3.671066
11.01006,13.818807,-4.5141563
15.406363,-10.919397,4.1002536
13.451761,-11.516151,-1.2220612
-9.631705,-2.5942373,-6.275141
-11.740922,9.116039,3.8758829
5.886219,-6.0440803,-12.15039
6.737512,10.13693,6.2891145
9.063761,11.510636,-7.3661723
-8.486281,5.339898,-10.829223
-9.10974,12.158654,5.300924
-20.17455,-6.454846,2.9845226
7.461805,-6.9863787,-12.979393
3.323906,11.937244,3.2073584
-9.48366,3.8899984,-10.184717
7.8848176,9.583089,5.516203
6.730886,0.44918984,7.5505157
-7.84462,3.6511986,-11.582181
-10.156135,7.487446,9.351694
6.036668,-5.981338,-13.324083
-2.6630366,8.3039665,-3.250855
-20.258446,-8.0399,0.9814849
4.8614635,8.856537,7.7175236
-7.822981,1.8206086,-10.483568
-17.638113,-4.3109937,2.986519
12.879681,-11.609703,-0.4073671
-1.9883027,-11.526994,1.3587248
7.3254566,9.399547,7.1880693
7.510104,-6.03603,-11.295895
4.0936165,-2.345526,10.4714
6.9548807,-7.679514,-10.150193
-8.439321,1.5006326,-10.6714525
-11.572386,11.318063,6.5469437
-3.1514854,-11.449652,4.19157
-18.411924,-5.924102,-0.05188906
-18.390154,-5.722069,0.06691917
-10.912789,6.483226,9.473585
9.357244,12.020441,-4.7595806
-1.944854,7.515832,-4.337114
9.5858555,12.627504,-7.1382294
9.344066,11.757584,-5.8681984
1.2553159,-9.517642,1.99493
-10.2950945,7.653217,5.088249
3.8742826,-2.40674,10.037845
-2.3597682,-12.404442,6.8849454
-18.257614,-5.318785,-0.012289715
-3.7041004,4.3747864,-4.730673
-4.814309,4.7538266,-3.1367624
-20.136398,-6.3624067,2.848085
3.6925566,-2.831493,11.646279
11.460467,-13.8970585,-0.9323481
-3.5833738,7.401859,-2.8699598
17.834011,-10.150734,2.3298838
-7.898108,-4.7515435,-3.7474742
7.4989457,11.107329,-12.762786
7.76254,7.559,3.575019
-19.503574,0.7213661,3.4293861
1.028217,-9.583466,6.245462
3.2111158,-10.99325,-10.859871
-7.8023615,5.2377286,9.358626
1.2234238,1.7911837,1.6535317
7.35028,-1.9747716,10.19562
16.902584,-12.339382,-0.33119777
-7.6038933,-4.224657,-2.9932091
7.615916,10.71844,-13.965931
8.713504,7.3493447,4.740714
-20.734652,-1.7007469,2.0312874
0.8640359,-7.621206,5.5279493
3.3797445,-11.43322,-10.791161
-8.250036,4.5515776,9.513016
1.7068485,1.6457785,1.4137256
6.2533884,-0.36493766,12.649946
14.767061,-8.591658,1.1257001
-8.919644,-3.4251187,-3.6678898
8.126007,11.637276,-12.860268
7.4342937,8.317305,2.994597
-19.7595,-0.81577736,2.8132465
3.190554,-6.1333094,5.197596
2.4238892,-11.98346,-11.739778
-7.620532,5.279562,9.500787
2.1507435,1.9886323,1.4205558
7.426621,-1.8224163,10.13288
17.040466,-11.258177,-0.2626717
6.4155436,-0.36385974,10.419103
0.9636005,-7.652926,5.518879
1.0628704,-7.77366,5.437407
1.3257427,-10.236232,-9.676422
0.4502683,-7.6874666,5.4289346
16.620852,-11.367995,0.2048095
5.9093485,-0.732528,12.027452
-0.14628161,1.6966772,0.67624444
7.423855,-0.55634606,11.664715
-0.08582644,2.2273326,1.7159432
-18.203909,-2.8153815,1.6698418
-8.196203,-3.0061204,-2.1230853
-7.793575,6.331387,8.388018
-6.755271,6.001727,8.245217
7.3936543,11.351943,4.20673
1.23971,-8.028845,7.628594
-7.762861,-3.087263,-1.9478873
16.305214,-11.038752,1.1313714
16.473972,-10.99163,0.9101001
10.167081,12.124361,-12.085003
8.260363,10.676538,-12.125808
-8.833982,4.2994256,10.255886
-0.9759083,-0.80562013,3.274507
9.347733,11.205812,-12.970947
18.830906,-13.392198,0.7920393
-7.3352523,-4.2790737,-2.5707095
9.26342,10.800488,-13.335227
3.9163332,-11.97836,-11.540386
8.765317,7.3679094,4.216969
8.725385,10.040614,5.1161113
-8.639354,5.680332,9.388447
9.120497,7.728755,4.747965
7.2317524,10.433592,5.788336
-20.783443,-1.164061,2.0106668
1.752911,-10.861572,-11.890031
-0.09275918,-11.324992,-13.98941
2.445414,-9.123645,-12.129015
-19.408293,-1.6970686,2.3308852
8.259841,-1.2152072,9.977412
-7.38322,-4.279523,-2.502803
0.54360384,-7.1327596,4.8021507
17.673632,-14.150557,1.1800694
7.733249,-1.3379062,11.201627
-0.25015545,-8.799752,3.0777266
8.556089,11.436541,-12.887061
0.11723225,1.1255243,2.7962296
9.29474,11.349338,-12.918604
18.621544,-13.647415,0.6060614
16.442854,-10.735776,1.4350497
-7.2130423,-4.11534,-2.023544
-8.275442,5.8463144,7.675614
3.157889,-10.902969,-10.407451
8.267994,9.354277,3.9934115
6.0671525,11.322326,-14.784581
-7.6427836,-4.88735,-3.6532662
-8.208567,7.0237594,8.721097
-20.026184,-2.26393,1.9835701
3.891968,-10.562006,-10.990236
5.637281,9.326643,4.494475
-8.938261,-3.3853304,-3.6085417
7.731133,11.620147,4.2693486
5.7503,-0.7324138,11.88347
-7.6457276,-3.57957,-2.4186294
-7.8301973,6.041503,8.314519
3.5408807,-9.652024,-11.407363
-0.20484538,0.9612726,2.622089
-19.85193,-0.6947433,3.0068398
8.522153,10.876621,5.37106
-7.510512,-3.3225038,-1.9002361
-19.810066,-1.0384681,2.8221586
17.205666,-11.118442,-0.112217724
1.2735324,-8.079188,7.7164083
7.638993,9.521824,3.6558368
3.539268,-9.80383,-11.311712
8.054256,-1.524533,10.2737465
4.3081107,-8.093631,-12.953712
-7.4165053,-4.7023106,-2.6971412
-6.875818,4.940737,9.0451765
3.2734644,-7.0151157,7.649705
-19.936232,-1.873779,2.1248817
-18.53252,0.30052423,4.620008
-8.583976,4.9196177,9.447556
9.274264,12.368747,-12.165738
-0.8722502,0.2774818,2.5617268
7.3883224,13.514859,-7.524112
9.338281,10.81998,-13.3361025
-0.026608683,-8.2163925,4.646532
-7.3755536,4.998208,9.228628
5.674594,-0.99704385,9.83738
-0.1685295,-9.782924,5.425919
-20.343946,-1.4466734,2.0893862
-0.8407728,0.11363438,1.6320872
-0.82581526,0.35311037,1.1672889
-18.898268,-2.3507855,1.2964239
6.2629614,-1.307811,13.429939
16.21584,-11.289975,2.776238
-1.2609569,0.35654664,2.4904153
6.0736947,-1.2205569,12.983058
-0.61460876,0.38939643,0.95328027
12.6638365,-13.56565,0.4580525
-9.609874,2.532874,-9.629287
7.1173625,11.189548,-9.195888
4.9133554,13.6921425,3.3986466
-16.883678,-2.062102,4.786463
-5.9655046,-14.732828,1.547516
6.937629,-4.430012,-12.817949
-9.266467,9.910472,1.4104048
-7.889112,-1.5227885,-8.249083
-8.489499,-1.7519182,0.87041867
12.502991,-13.359381,-0.69748056
-6.4197297,-0.032152947,-10.534874
11.513138,14.053096,-5.4882245
2.443812,11.689305,7.09901
-17.10285,-3.0097487,5.5097227
-5.178261,-14.999394,1.2555766
5.5740643,-4.417822,-11.132824
-7.208361,-3.0173006,2.2317076
13.268192,-14.159709,1.3288901
-6.023087,-0.2242358,-10.260669
11.876481,11.946872,-8.651976
3.3891444,12.180694,3.1725838
-17.912725,-0.8691829,5.7343287
-3.8557281,-13.575607,3.9723063
2.4063559,-3.0623703,-12.198329
-9.486269,9.811521,2.0156276
-6.7860856,7.23945,-3.0324051
-7.2117724,-2.9969316,2.3004773
10.50556,-14.980701,-1.5097861
-7.3870316,-2.9514132,2.1251674
-5.487535,-14.741778,4.954873
-8.297144,-14.412237,1.047135
5.0898237,-5.53052,-10.881371
-5.592105,-15.167132,1.6627486
13.57709,-10.842038,-0.03931032
-7.3075233,0.90083766,4.1589804
-4.5033627,3.2119098,-1.3342088
-5.5964494,-14.845647,5.120598
0.8075828,3.6289454,-6.1842303
-18.822035,-3.0094657,4.874699
-9.647553,4.1017485,-11.035601
-9.387007,10.094102,5.0613213
-10.9430485,12.392686,3.411314
-1.3972261,11.07154,1.797193
-7.6990047,-14.768329,0.068373956
-8.748907,1.9216509,-10.383145
11.467731,-14.753016,-1.7444035
12.02056,-8.522458,0.42937395
11.234046,13.996419,-4.2683024
8.282895,13.18395,-10.005219
-10.793752,12.871024,2.7535758
-3.6589923,5.572381,-3.0146325
11.25244,13.550531,-4.552322
12.878741,-13.334698,-1.8192773
-6.4012084,-0.0321946,-10.950347
2.6716301,12.831251,-10.299252
6.3187337,-4.9274073,-11.934094
-1.1726439,10.963304,1.705743
-1.9880167,11.330316,1.6312225
-10.65347,12.407718,3.682457
-1.5737187,11.323332,3.3353055
-0.8057465,10.712589,1.4247653
-17.449259,-0.59120744,5.5955706
3.695404,-4.69006,-11.9583025
3.625791,-3.74706,-12.019349
5.85542,-5.399937,-11.965114
-7.367854,7.824685,0.83235806
-8.144883,-1.6750484,2.7407446
-7.773878,2.3961346,-11.223951
-6.2374625,-14.387962,1.9524846
11.766218,-14.837306,-1.7855451
8.875399,1.0675817,9.542453
-2.2272685,-10.818955,2.2803316
11.458902,13.961935,-5.371169
0.5130014,4.507601,-6.8133526
18.566774,-12.447349,2.8091826
-8.843435,2.2374923,-10.830545
-11.097945,11.281901,4.494339
6.388971,-5.0437093,-11.972553
3.2480881,13.235141,3.0218916
5.363992,13.198496,-13.068665
-9.966277,3.0994837,-11.222046
-9.689937,13.0195265,4.698997
-7.3559055,7.7797384,0.8177883
4.618825,-3.9403095,-11.940603
4.9130807,13.863548,3.89441
-9.602505,3.914716,-11.391382
3.577957,13.510778,1.9230849
-6.9478197,1.7438424,4.572854
-8.555998,3.6524155,-10.85015
-11.476175,11.92359,3.2622595
5.4439883,-6.6726084,-14.763565
0.3745687,3.3281353,-6.2798104
-19.387451,-3.3971817,4.8480864
4.677209,13.102566,3.2526174
-9.50064,4.2822876,-10.628614
-17.1725,-2.0127118,4.392771
11.665908,-14.631239,0.164077
-4.2184353,-14.666138,4.003168
4.9235873,13.355992,4.1231833
3.5631115,-3.1920137,-12.124226
8.956536,1.7135319,11.211088
2.5985394,-4.1936846,-10.295218
-9.661085,4.26533,-10.937997
-12.091483,9.329526,7.4420476
-6.828565,-12.217242,3.3289077
-16.979612,-2.4734297,4.8628025
-18.061148,0.036012013,5.3593225
-11.177216,11.765471,5.9007473
5.8838053,9.983226,-12.15618
8.677216,13.5506935,-5.3601823
-4.754512,-15.099938,1.4412793
-11.562495,12.686974,4.249198
4.708794,13.227383,1.8069559
-4.050521,-14.595247,3.9113874
-7.345233,7.851002,0.8331848
-18.082273,-3.1792815,5.22281
-5.7187433,-14.917513,4.981476
13.95916,-9.066246,3.4332454
-0.90678346,4.855037,-7.245938
-7.150557,1.4397497,4.4017243
-0.34150803,4.835486,-7.453124
16.92615,-12.732295,0.35376817
-2.8958876,1.71179,-9.413592
8.314994,12.093491,-10.881931
5.512617,7.4804044,1.9165374
-15.698925,-7.375036,-0.38876188
2.1058235,-11.033839,5.545427
-0.4120129,-6.7401266,-12.303249
-12.343632,8.556241,5.535196
0.07672116,7.738219,-4.4678135
6.832591,-0.8278577,8.103878
15.930974,-13.138923,-0.05951737
-4.6414256,1.8259835,-7.291289
2.3201118,13.128909,-9.391014
0.2599396,11.587607,2.247874
-18.857769,-5.240162,3.7968695
1.8717164,-11.335703,4.682872
3.1352103,-9.464306,-9.658203
-11.974166,7.310176,8.952457
-1.1724557,7.773287,-1.9832963
4.30259,0.33926126,9.660462
16.333382,-15.719219,0.55889755
-4.036437,1.6373729,-10.301624
3.4556441,14.466319,-6.9814935
-1.672338,-8.635022,-0.02413961
-18.212715,-5.5059276,3.210387
1.9464341,-12.164938,4.888886
-0.22091089,-7.7703686,-11.693837
-12.278953,8.458269,5.476552
0.54900324,7.135705,-4.131545
8.060556,0.6996354,9.659207
15.148043,-10.625148,3.2538736
5.496583,1.094711,10.715983
1.2288579,-10.965727,4.368498
0.021748554,-11.819578,6.1286497
0.0865241,-8.420405,-11.756103
-2.1143801,-12.230568,6.617312
11.954614,-13.706003,1.8275965
5.6126437,0.89188194,12.5385275
1.8345753,5.328089,-2.935902
5.7393837,0.21425186,11.640879
-1.9261632,7.976544,-1.1075555
-18.426716,-5.916846,4.640938
-2.954607,2.2204626,-9.098101
-7.50006,6.6672873,11.312795
-12.08957,5.721139,9.234097
-1.041043,12.452637,1.6937904
2.0221267,-11.550914,4.9008923
-5.404198,2.5536668,-8.057527
15.842175,-15.004358,2.98894
14.495676,-10.0533905,3.4735734
6.1651235,11.292048,-14.795162
7.8118734,11.64516,-12.896839
-10.719458,10.753478,7.1165204
-3.4311364,6.637023,-0.55229354
6.140593,11.3989935,-14.578584
13.765932,-15.980477,2.7337763
-4.2250075,2.5431707,-10.344451
7.8524504,10.216141,-14.136627
3.2119312,-8.819723,-9.5531225
0.6032669,12.101298,2.2690127
0.463623,12.4346075,1.9597666
-9.228453,10.618831,9.564031
5.174772,6.996801,1.8932298
0.05308044,12.0930395,2.1149368
-16.149624,-5.8242583,3.3068662
-0.65226525,-5.0640106,-12.009337
0.20897418,-8.626481,-11.938643
-1.1599586,-8.628023,-14.452564
-16.003601,-7.153271,0.35306066
5.222343,0.28481564,8.318021
-4.8580728,3.4753258,-7.044801
1.3024917,-11.660038,7.2109904
15.771524,-14.476025,3.125757
5.786914,0.9698467,9.873661
2.0546234,-12.267434,5.041015
3.0204382,15.100394,-6.602984
0.48963282,6.353041,-4.0044827
3.3128843,14.002399,-8.187752
15.217398,-13.340811,3.856553
16.345583,-15.5609665,0.689932
-3.272596,3.1311803,-7.565169
-10.5027275,12.794385,6.463911
-0.075757116,-5.7151065,-12.16422
1.0569526,11.913308,2.8540065
3.4377232,14.467734,-7.0416203
-5.7122517,6.0041146,-8.78308
-9.930695,12.306959,7.6504946
-16.665003,-7.254515,0.5441174
1.537134,-5.089206,-13.518036
3.30932,11.7889185,4.165779
-5.527495,4.245533,-7.3526263
4.8030577,7.9465322,4.051808
4.912672,0.54853946,8.444982
-4.2377405,2.0168986,-9.364934
-10.079252,7.9372525,6.9185514
0.31675085,-6.7745194,-12.957623
-1.9062725,3.409966,-5.263048
-19.360273,-6.6400847,1.818021
-1.6663272,-8.680667,0.034993388
-3.559798,3.1383305,-7.745008
-15.715399,-5.065414,0.750391
13.336423,-13.40574,-2.0248523
2.1002936,-9.892248,6.1385274
5.163302,10.348486,3.4460282
1.7660784,-3.9490774,-12.323138
4.1383114,0.42959103,8.51527
2.576895,-9.686252,-11.01811
-3.7026408,3.497417,-7.811172
-9.893433,9.727674,3.2501009
2.0870643,-10.358587,4.2900853
-15.973472,-6.2764196,0.12884958
-18.703844,-7.5556245,0.9553881
-11.157537,6.059359,6.610557
10.228858,12.014176,-12.16417
1.7651474,6.713308,-3.7983265
9.141899,10.695347,-11.955437
8.402172,9.791751,-13.297377
1.3966433,-12.310658,4.6773133
-10.71997,11.991568,6.2125816
6.2452784,2.395226,11.728982
2.747554,-9.732737,5.7673492
-18.012512,-6.891118,1.1220837
-3.889397,6.6882954,-6.245966
-5.022876,5.8153358,-7.4204454
-18.352625,-4.7141957,1.7069246
4.6032934,0.7930024,10.725921
12.049618,-14.647942,2.5965374
-1.5640476,3.5047855,-5.12508
3.5036192,2.016005,7.27931
1.896412,5.746071,-3.1556284
